,Nea_Vindija33.16_Croatia,Nea_Feldhofer1_Germany,Nea_ElSidron1253_Spain,Nea_Mezmaiskaya1_Caucasus,Nea_Altai_Denisova5_Siberia,Nea_GoyetQ374a_Belgium,Nea_DC1227_Siberia,Den_Denisova3_phalanx,Den_Denisova4_molar,Den_Denisova8_molar,SimaDeLosHuesos_femurXIII,Hsap_rCRS_reference,Hsap_San,Hsap_Mbuti,Hsap_Biaka,Hsap_Yoruba,Hsap_Mandenka,Hsap_Kikuyu,Hsap_AsianIndian,Hsap_Japanese,Hsap_AustralianAboriginal,Hsap_PapuaNewGuinea_Highland,Hsap_Saami,Hsap_French,Hsap_Warao_SouthAmerican,Pan_troglodytes_chimpanzee,Pan_paniscus_bonobo,Gorilla_gorilla,Gorilla_gorilla_gorilla,Pongo_abelii_Sumatran,Pongo_pygmaeus_Bornean,Hylobates_lar_gibbon,Nomascus_leucogenys_gibbon,Symphalangus_syndactylus,Macaca_mulatta_rhesus,Papio_hamadryas_baboon,Papio_anubis_baboon,Chlorocebus_sabaeus,Colobus_guereza,Trachypithecus_obscurus,Callithrix_jacchus_marmoset,Cebus_albifrons_capuchin,Saimiri_sciureus_squirrel,Ateles_belzebuth_spider,Tarsius_bancanus_tarsier,Lemur_catta_ringtail,Nycticebus_coucang_loris
Nea_Vindija33.16_Croatia,0.0,0.0005269166593483797,0.0005269166593483797,0.002546763853517169,0.0021956789039170913,0.0004393673110720562,0.0008787346221441124,0.024325985773250198,0.02441380521647493,0.022571579132267698,0.019868139700641482,0.012471456174249078,0.013524194256608413,0.012821638710810573,0.013436374813383683,0.011855624835338543,0.012558180381136383,0.013699833143057873,0.012031263721788003,0.012382541494686924,0.012294722051462193,0.012733819267585843,0.012470360937911654,0.012294722051462193,0.012294722051462193,0.09686484587687715,0.09486166007905138,0.11795187071842614,0.11712503294965293,0.1548330404217926,0.1595959595959596,0.17256520593659436,0.17166212534059946,0.17284710017574692,0.21949934123847167,0.22133380195061944,0.22169479606188466,0.21934460887949261,0.22186099639750462,0.2273965380897988,0.256816182937555,0.2631532641210628,0.2659162856137883,0.25664963889378195,0.27602884277172,0.2764106169801371,0.28660573035682896
Nea_Feldhofer1_Germany,0.0005269166593483797,0.0,0.0003512777728989198,0.002371124967067709,0.002020024591603724,0.0007908611599297012,0.00070298769771529,0.024150346886800737,0.024238166330025467,0.02239592481995433,0.019689950106913757,0.01229580186193571,0.013348555370158954,0.012645999824361114,0.013260735926934223,0.011679985948889084,0.012382541494686924,0.013524194256608413,0.011855624835338543,0.012206902608237464,0.012119083165012734,0.012558180381136383,0.012294722051462193,0.012119083165012734,0.012119083165012734,0.09686484587687715,0.09486166007905138,0.11777621640611277,0.11694930146735788,0.1545694200351494,0.1593324549846289,0.17247738649336963,0.17157422870704053,0.17293497363796134,0.21949934123847167,0.221421667691767,0.22178270042194093,0.21943269908386187,0.22194886213865214,0.22730867234865126,0.256816182937555,0.2629773007214499,0.26600422089342246,0.2567377135811168,0.27576503693281745,0.2759711724380383,0.2865178414484092
Nea_ElSidron1253_Spain,0.0005269166593483797,0.0003512777728989198,0.0,0.002019847194168789,0.0016687159669769892,0.0007908611599297012,0.000351493848857645,0.023799069113901818,0.023886888557126548,0.022044616195327594,0.019333570919458302,0.011944493237308977,0.012997277597260033,0.012294722051462193,0.012909458154035304,0.011328708175990165,0.012031263721788003,0.013172916483709494,0.011504347062439624,0.011855624835338543,0.011767805392113815,0.012206902608237464,0.011943444278563274,0.011767805392113815,0.011767805392113815,0.09668920699042768,0.09486166007905138,0.1176005620937994,0.11677356998506283,0.1545694200351494,0.1593324549846289,0.17265302537981908,0.17157422870704053,0.17293497363796134,0.21958717610891523,0.22150953343291452,0.2218706047819972,0.21943269908386187,0.22203672787979967,0.22730867234865126,0.2569041336851363,0.2629773007214499,0.26600422089342246,0.2569138629557865,0.27585297221245164,0.27614695025487784,0.2867815081736685
Nea_Mezmaiskaya1_Caucasus,0.002546763853517169,0.002371124967067709,0.002019847194168789,0.0,0.0019321974354470403,0.002724077328646749,0.0015817223198594025,0.02397470800035128,0.024062527443576006,0.02239592481995433,0.01951176051318603,0.012383629018092394,0.013260735926934223,0.012733819267585843,0.012997277597260033,0.011767805392113815,0.012470360937911654,0.013260735926934223,0.011943444278563274,0.012294722051462193,0.012206902608237464,0.012645999824361114,0.012382541494686924,0.012206902608237464,0.012206902608237464,0.09668920699042768,0.09486166007905138,0.11777621640611277,0.11694930146735788,0.1545694200351494,0.1593324549846289,0.17265302537981908,0.17104684890568692,0.17293497363796134,0.21941150636802811,0.22186099639750462,0.2220464135021097,0.21987315010570824,0.22194886213865214,0.22730867234865126,0.25708003518029904,0.2628013373218371,0.2656524797748857,0.2569138629557865,0.27602884277172,0.2753559500791,0.28686939708208825
Nea_Altai_Denisova5_Siberia,0.0021956789039170913,0.002020024591603724,0.0016687159669769892,0.0019321974354470403,0.0,0.0023707085784528932,0.001229256299938537,0.02351908731899956,0.023606845107503292,0.021939447125932425,0.018961987002581678,0.01167178587099605,0.012559283330405761,0.01203232039346566,0.01229580186193571,0.011066221675742139,0.011768838924995608,0.012734937642719128,0.011241875988055507,0.011593184612682241,0.011505357456525558,0.011944493237308977,0.011681011768838925,0.011505357456525558,0.011505357456525558,0.09679684071961386,0.09452343338599263,0.11768319438350154,0.11685689201053556,0.15435946966371059,0.15904502764855613,0.1725318121983326,0.17117512734937643,0.172973922205637,0.21941372652273125,0.22168568920105355,0.2220465524813351,0.22013907226476542,0.2217929581174818,0.227236807445781,0.2570323488045007,0.2628616656406649,0.26632679968357215,0.2564260563380282,0.2762591192757317,0.2758499516823333,0.2870069401739436
Nea_GoyetQ374a_Belgium,0.0004393673110720562,0.0007908611599297012,0.0007908611599297012,0.002724077328646749,0.0023707085784528932,0.0,0.001141452278514356,0.024585125998770743,0.024672930020194925,0.02282904557028712,0.019951901665627506,0.012643779085082097,0.013708260105448155,0.013005272407732865,0.013620386643233744,0.01203866432337434,0.012741652021089631,0.013884007029876978,0.012214411247803163,0.012565905096660808,0.012478031634446397,0.012917398945518454,0.01265377855887522,0.012478031634446397,0.012478031634446397,0.0972868557379928,0.09518791710572533,0.11827201685837212,0.11744553759662685,0.1547922340332074,0.15939228945288486,0.1727105101413645,0.17170474516695958,0.17297724677150136,0.21944151738672288,0.22127547434996486,0.22163634765796644,0.21937472479084105,0.22190986558903628,0.22700518316788193,0.25646437994722954,0.2630884293884734,0.2656758420543488,0.25620926545710765,0.27552545950224255,0.27608332600861385,0.2862793355014503
Nea_DC1227_Siberia,0.0008787346221441124,0.00070298769771529,0.000351493848857645,0.0015817223198594025,0.001229256299938537,0.001141452278514356,0.0,0.02353147774168057,0.023619281763104752,0.021775397313196946,0.019061191769840564,0.011677934849416103,0.012565905096660808,0.01203866432337434,0.012478031634446397,0.011072056239015818,0.011775043936731107,0.012741652021089631,0.01124780316344464,0.011599297012302284,0.011511423550087873,0.01195079086115993,0.011687170474516695,0.011511423550087873,0.011511423550087873,0.09658442356659935,0.09466104671584123,0.1173939766441303,0.1165671117357695,0.1545286831239568,0.1591288311232107,0.1726227061199403,0.17126537785588752,0.1728893964684178,0.21944151738672288,0.22171468728039354,0.22207575358115828,0.21972699251431088,0.22182201528595274,0.22700518316788193,0.25664028144239226,0.2628244610646722,0.2656758420543488,0.25656156420644705,0.2756134025151702,0.2756438428408192,0.286630922035686
Den_Denisova3_phalanx,0.024325985773250198,0.024150346886800737,0.023799069113901818,0.02397470800035128,0.02351908731899956,0.024585125998770743,0.02353147774168057,0.0,8.775008775008775e-05,0.004475647213690215,0.014243746105225673,0.024923211935059236,0.02441380521647493,0.024852902432598578,0.02494072187582331,0.02441380521647493,0.024677263546149117,0.024852902432598578,0.02441380521647493,0.024765082989373847,0.024677263546149117,0.02494072187582331,0.024852902432598578,0.024677263546149117,0.024852902432598578,0.0988943488943489,0.09654203967000176,0.11943835015357614,0.11870061457418789,0.15409605759943806,0.1579778830963665,0.17137592137592136,0.17064816441243633,0.172973922205637,0.2209935053536949,0.2212467076382792,0.22143170838823012,0.22049115394771587,0.2235294117647059,0.22783143107989465,0.25799929676511957,0.26187126275061556,0.2673580594129021,0.2579225352112676,0.27614695025487784,0.2778460997891778,0.2878601546029515
Den_Denisova4_molar,0.02441380521647493,0.024238166330025467,0.023886888557126548,0.024062527443576006,0.023606845107503292,0.024672930020194925,0.023619281763104752,8.775008775008775e-05,0.0,0.004387889425186486,0.014332769518383335,0.025010969723562967,0.02450162465969966,0.02494072187582331,0.025028541319048036,0.02450162465969966,0.024765082989373847,0.02494072187582331,0.02450162465969966,0.024852902432598578,0.024765082989373847,0.025028541319048036,0.02494072187582331,0.024765082989373847,0.02494072187582331,0.09880659880659881,0.09645427417939266,0.11952610794207986,0.11878841088674276,0.15418386162086223,0.1580656485869756,0.17146367146367147,0.170735991568593,0.1730617262270612,0.221081270844304,0.22115891132572432,0.22134387351778656,0.22057917436845348,0.22344161545215102,0.22791922739244952,0.25799929676511957,0.26195919803024975,0.26744594832132185,0.25801056338028167,0.27614695025487784,0.2778460997891778,0.28794799718903724
Den_Denisova8_molar,0.022571579132267698,0.02239592481995433,0.022044616195327594,0.02239592481995433,0.021939447125932425,0.02282904557028712,0.021775397313196946,0.004475647213690215,0.004387889425186486,0.0,0.012908394907860768,0.023255813953488372,0.022922887756894432,0.023186369225364482,0.023449850693834533,0.022922887756894432,0.023010714913051115,0.023888986474617954,0.022747233444581065,0.0230985420692078,0.023010714913051115,0.022922887756894432,0.023186369225364482,0.023010714913051115,0.023186369225364482,0.098376480912681,0.0960154467263472,0.1187362878455463,0.1179982440737489,0.15497409781367988,0.15878170806635653,0.1710399297937692,0.17064816441243633,0.1721836860128194,0.2211690363349131,0.2212467076382792,0.22143170838823012,0.22101927647214153,0.22240758626745105,0.22846606374571957,0.25755977496483823,0.2618063494855334,0.26790893908763297,0.2577464788732394,0.2769622923442032,0.2769041553193359,0.2879732935078626
SimaDeLosHuesos_femurXIII,0.019868139700641482,0.019689950106913757,0.019333570919458302,0.01951176051318603,0.018961987002581678,0.019951901665627506,0.019061191769840564,0.014243746105225673,0.014332769518383335,0.012908394907860768,0.0,0.01905101041573934,0.019422665716322167,0.019868139700641482,0.020046329294369208,0.018888096935138987,0.019155381325730577,0.020580898075552388,0.019066286528866713,0.019066286528866713,0.018799002138275126,0.019333570919458302,0.01924447612259444,0.019066286528866713,0.019422665716322167,0.09667942668921926,0.09339387464387465,0.11599750734443158,0.11524759529747061,0.1522223211899884,0.1555515982548304,0.1695005786521855,0.16847826086956522,0.1694130221786764,0.21830484330484332,0.21820448877805487,0.21839080459770116,0.21707295294222698,0.22000534425937474,0.22561681660283245,0.2547918338236605,0.2593220338983051,0.2631062767475036,0.255512900633872,0.2729380294248774,0.2747526958381606,0.2855360484805276
Hsap_rCRS_reference,0.012471456174249078,0.01229580186193571,0.011944493237308977,0.012383629018092394,0.01167178587099605,0.012643779085082097,0.011677934849416103,0.024923211935059236,0.025010969723562967,0.023255813953488372,0.01905101041573934,0.0,0.005269629369401019,0.004742666432460917,0.004479184963990866,0.0023713332162304587,0.002722641840857193,0.004918320744774284,0.002020024591603724,0.0021956789039170913,0.0010539258738802037,0.0013174073423502547,0.0008782715615668365,0.0003513086246267346,0.0022835060600737748,0.09793769197016235,0.09540108829208355,0.1184730144800351,0.11773485513608428,0.1553253138993766,0.1584306152900904,0.1727950855638438,0.16959423853855612,0.1716568618842743,0.22073020888186765,0.22080772607550483,0.22116820377689944,0.22022709268550303,0.22231978224602686,0.22811484766002282,0.25676863572433195,0.26277372262773724,0.2657994198822185,0.2564260563380282,0.27608332600861385,0.276289203197751,0.28709479047702713
Hsap_San,0.013524194256608413,0.013348555370158954,0.012997277597260033,0.013260735926934223,0.012559283330405761,0.013708260105448155,0.012565905096660808,0.02441380521647493,0.02450162465969966,0.022922887756894432,0.019422665716322167,0.005269629369401019,0.0,0.0040389849855123365,0.006058477478268504,0.005356045306875055,0.00500482922117833,0.006146281499692686,0.005356045306875055,0.005531653349723417,0.005092633242602511,0.005531653349723417,0.005268241285450874,0.005092633242602511,0.0054438493282992365,0.09921854420932479,0.09589883200140512,0.11795187071842614,0.1170371672085054,0.15579964850615113,0.15895319223676121,0.17244709807709194,0.1697283994023029,0.17195325542570952,0.22037768994290732,0.22036727879799667,0.22072784810126583,0.21987315010570824,0.22243696740753754,0.2277079855925503,0.25628847845206687,0.26253739222241773,0.26697150896939853,0.2569138629557865,0.27527694742394937,0.2764499121265378,0.28699472759226713
Hsap_Mbuti,0.012821638710810573,0.012645999824361114,0.012294722051462193,0.012733819267585843,0.01203232039346566,0.013005272407732865,0.01203866432337434,0.024852902432598578,0.02494072187582331,0.023186369225364482,0.019868139700641482,0.004742666432460917,0.0040389849855123365,0.0,0.00570726139257178,0.004653613135481605,0.004829221178329968,0.005795065413995961,0.004829221178329968,0.00500482922117833,0.004565809114057424,0.00500482922117833,0.0047414171569057865,0.004565809114057424,0.004917025199754148,0.0986917200807797,0.09572319311495565,0.1181275250307395,0.11721289869080045,0.15500878734622145,0.1586019144638623,0.1725349020985161,0.17007998593653864,0.17160179246111942,0.22002635046113306,0.2211580704683244,0.22151898734177214,0.22013742071881606,0.22190986558903628,0.2273565843802161,0.25664028144239226,0.2626253739222242,0.26688357368976434,0.25744231107979565,0.27571654650958327,0.2764499121265378,0.287170474516696
Hsap_Biaka,0.013436374813383683,0.013260735926934223,0.012909458154035304,0.012997277597260033,0.01229580186193571,0.013620386643233744,0.012478031634446397,0.02494072187582331,0.025028541319048036,0.023449850693834533,0.020046329294369208,0.004479184963990866,0.006058477478268504,0.00570726139257178,0.0,0.004917025199754148,0.0047414171569057865,0.0028975327069979805,0.0047414171569057865,0.004917025199754148,0.0043023970497848806,0.0047414171569057865,0.0043023970497848806,0.0043023970497848806,0.00500482922117833,0.0986917200807797,0.0961622903310793,0.11953275952924644,0.11861875054916088,0.15500878734622145,0.1588653727935365,0.17288611818421284,0.17104684890568692,0.17265618135488972,0.22160737812911727,0.22159739917406204,0.2218706047819972,0.22110641296687808,0.22287621892295528,0.22832293771413512,0.2573438874230431,0.2634172092204821,0.2670594442490327,0.25726616170512595,0.2761561455952172,0.2774165202108963,0.28778558875219684
Hsap_Yoruba,0.011855624835338543,0.011679985948889084,0.011328708175990165,0.011767805392113815,0.011066221675742139,0.01203866432337434,0.011072056239015818,0.02441380521647493,0.02450162465969966,0.022922887756894432,0.018888096935138987,0.0023713332162304587,0.005356045306875055,0.004653613135481605,0.004917025199754148,0.0,0.002985336728422162,0.005180437264026692,0.002282904557028712,0.002458512599877074,0.0021951005356045305,0.002634120642725437,0.0023707085784528932,0.0021951005356045305,0.0025463166213012555,0.09825269997365879,0.09545973478528146,0.11795187071842614,0.1170371672085054,0.1548330404217926,0.15851409502063757,0.17244709807709194,0.17007998593653864,0.17133819523767682,0.22037768994290732,0.22124593620947192,0.2216068917018284,0.22048978153629317,0.2227005183167882,0.22805938680488447,0.2567282321899736,0.2624494105226113,0.2655645444952515,0.2571780870177911,0.27580446632671,0.2764499121265378,0.2865553602811951
Hsap_Mandenka,0.012558180381136383,0.012382541494686924,0.012031263721788003,0.012470360937911654,0.011768838924995608,0.012741652021089631,0.011775043936731107,0.024677263546149117,0.024765082989373847,0.023010714913051115,0.019155381325730577,0.002722641840857193,0.00500482922117833,0.004829221178329968,0.0047414171569057865,0.002985336728422162,0.0,0.00500482922117833,0.002634120642725437,0.002809728685573799,0.0025463166213012555,0.002985336728422162,0.0027219246641496182,0.0025463166213012555,0.0028975327069979805,0.09816489595223461,0.09554755422850619,0.11874231512383629,0.11782795887883314,0.1552724077328647,0.15868973390708702,0.1727105101413645,0.17016788257009757,0.17160179246111942,0.22011418533157665,0.22054301028029172,0.22090365682137833,0.2196969696969697,0.222349117104454,0.22762013528946676,0.25664028144239226,0.2624494105226113,0.26618009145269084,0.25656156420644705,0.27571654650958327,0.2760984182776801,0.28725834797891037
Hsap_Kikuyu,0.013699833143057873,0.013524194256608413,0.013172916483709494,0.013260735926934223,0.012734937642719128,0.013884007029876978,0.012741652021089631,0.024852902432598578,0.02494072187582331,0.023888986474617954,0.020580898075552388,0.004918320744774284,0.006146281499692686,0.005795065413995961,0.0028975327069979805,0.005180437264026692,0.00500482922117833,0.0,0.00500482922117833,0.005180437264026692,0.0047414171569057865,0.005180437264026692,0.004917025199754148,0.0047414171569057865,0.005268241285450874,0.09930634823074896,0.09651356810397822,0.11909362374846302,0.11800369036112819,0.1555360281195079,0.15965574778255906,0.17376415839845466,0.17122264217280478,0.17274404709603725,0.22195871761089153,0.22203672787979967,0.22231012658227847,0.2213706835799859,0.22322762013528946,0.22893788983571994,0.25760773966578715,0.2629773007214499,0.26767499120647203,0.25814690857847455,0.2762440654123439,0.2769771528998243,0.2874340949033392
Hsap_AsianIndian,0.012031263721788003,0.011855624835338543,0.011504347062439624,0.011943444278563274,0.011241875988055507,0.012214411247803163,0.01124780316344464,0.02441380521647493,0.02450162465969966,0.022747233444581065,0.019066286528866713,0.002020024591603724,0.005356045306875055,0.004829221178329968,0.0047414171569057865,0.002282904557028712,0.002634120642725437,0.00500482922117833,0.0,0.0014048643427868996,0.0018438844499078057,0.002282904557028712,0.0020194924927561682,0.0018438844499078057,0.0016682764070594432,0.09834050399508297,0.09589883200140512,0.11821535218689619,0.1173886301730955,0.15536028119507908,0.15868973390708702,0.1726227061199403,0.16955260613518502,0.17133819523767682,0.22081686429512518,0.22071874176258677,0.22107946554149085,0.21978505990133898,0.222349117104454,0.22788368619871738,0.25664028144239226,0.26253739222241773,0.2659162856137883,0.2567377135811168,0.27580446632671,0.2760984182776801,0.2867311072056239
Hsap_Japanese,0.012382541494686924,0.012206902608237464,0.011855624835338543,0.012294722051462193,0.011593184612682241,0.012565905096660808,0.011599297012302284,0.024765082989373847,0.024852902432598578,0.0230985420692078,0.019066286528866713,0.0021956789039170913,0.005531653349723417,0.00500482922117833,0.004917025199754148,0.002458512599877074,0.002809728685573799,0.005180437264026692,0.0014048643427868996,0.0,0.0020194924927561682,0.002458512599877074,0.0021951005356045305,0.0020194924927561682,0.0018438844499078057,0.09807709193081043,0.09581101255818038,0.11847883365536624,0.11765222739653809,0.1555360281195079,0.15904101167998594,0.172973922205637,0.17016788257009757,0.17160179246111942,0.22108036890645585,0.2211580704683244,0.22151898734177214,0.2203136011275546,0.2227005183167882,0.22814723710796803,0.256816182937555,0.2628893190216435,0.26609215617305665,0.2567377135811168,0.2761561455952172,0.27618629173989456,0.2868189806678383
Hsap_AustralianAboriginal,0.012294722051462193,0.012119083165012734,0.011767805392113815,0.012206902608237464,0.011505357456525558,0.012478031634446397,0.011511423550087873,0.024677263546149117,0.024765082989373847,0.023010714913051115,0.018799002138275126,0.0010539258738802037,0.005092633242602511,0.004565809114057424,0.0043023970497848806,0.0021951005356045305,0.0025463166213012555,0.0047414171569057865,0.0018438844499078057,0.0020194924927561682,0.0,0.0013170603213627184,0.0010536482570901748,0.0008780402142418123,0.0021072965141803496,0.09834050399508297,0.09607447088785458,0.11883014227999297,0.11809155610227572,0.15536028119507908,0.15868973390708702,0.17288611818421284,0.1702557792036565,0.17204112116685705,0.2209925340360123,0.22124593620947192,0.2216068917018284,0.22048978153629317,0.22261266801370463,0.22841078801721865,0.25708003518029904,0.2631532641210628,0.26600422089342246,0.25709001233045625,0.27606822577809037,0.2766256590509666,0.2868189806678383
Hsap_PapuaNewGuinea_Highland,0.012733819267585843,0.012558180381136383,0.012206902608237464,0.012645999824361114,0.011944493237308977,0.012917398945518454,0.01195079086115993,0.02494072187582331,0.025028541319048036,0.022922887756894432,0.019333570919458302,0.0013174073423502547,0.005531653349723417,0.00500482922117833,0.0047414171569057865,0.002634120642725437,0.002985336728422162,0.005180437264026692,0.002282904557028712,0.002458512599877074,0.0013170603213627184,0.0,0.0013170603213627184,0.001141452278514356,0.0025463166213012555,0.09825269997365879,0.0961622903310793,0.11856666081152292,0.11782795887883314,0.1555360281195079,0.15868973390708702,0.17279831416278865,0.1697283994023029,0.17204112116685705,0.2207290294246816,0.22107020472717687,0.2214310829817159,0.2203136011275546,0.222349117104454,0.2284986383203022,0.256816182937555,0.2628893190216435,0.26618009145269084,0.25656156420644705,0.2763319852294707,0.27671353251318104,0.2870826010544815
Hsap_Saami,0.012470360937911654,0.012294722051462193,0.011943444278563274,0.012382541494686924,0.011681011768838925,0.01265377855887522,0.011687170474516695,0.024852902432598578,0.02494072187582331,0.023186369225364482,0.01924447612259444,0.0008782715615668365,0.005268241285450874,0.0047414171569057865,0.0043023970497848806,0.0023707085784528932,0.0027219246641496182,0.004917025199754148,0.0020194924927561682,0.0021951005356045305,0.0010536482570901748,0.0013170603213627184,0.0,0.0007024321713934498,0.002282904557028712,0.09763807182368953,0.09554755422850619,0.11803422553751645,0.11747649591424304,0.15525876460767946,0.15851409502063757,0.17279831416278865,0.1697698928508695,0.1722168526491521,0.2209935053536949,0.22107020472717687,0.2215195432586737,0.22022551092318535,0.22220270507640963,0.22782364307043737,0.25716798592788037,0.26306068601583116,0.2657404150545199,0.25715040042242365,0.27562862669245647,0.2766256590509666,0.2868189806678383
Hsap_French,0.012294722051462193,0.012119083165012734,0.011767805392113815,0.012206902608237464,0.011505357456525558,0.012478031634446397,0.011511423550087873,0.024677263546149117,0.024765082989373847,0.023010714913051115,0.019066286528866713,0.0003513086246267346,0.005092633242602511,0.004565809114057424,0.0043023970497848806,0.0021951005356045305,0.0025463166213012555,0.0047414171569057865,0.0018438844499078057,0.0020194924927561682,0.0008780402142418123,0.001141452278514356,0.0007024321713934498,0.0,0.0021072965141803496,0.09798928790938626,0.09572319311495565,0.11847883365536624,0.11774009313768562,0.1552724077328647,0.1586019144638623,0.17279831416278865,0.16990419266942075,0.171865389684562,0.22064119455423803,0.22089447324488182,0.22125527426160338,0.22022551092318535,0.2225248177106211,0.22805938680488447,0.25708003518029904,0.26271335562203063,0.26609215617305665,0.25682578826845165,0.27606822577809037,0.27636203866432335,0.28690685413005274
Hsap_Warao_SouthAmerican,0.012294722051462193,0.012119083165012734,0.011767805392113815,0.012206902608237464,0.011505357456525558,0.012478031634446397,0.011511423550087873,0.024852902432598578,0.02494072187582331,0.023186369225364482,0.019422665716322167,0.0022835060600737748,0.0054438493282992365,0.004917025199754148,0.00500482922117833,0.0025463166213012555,0.0028975327069979805,0.005268241285450874,0.0016682764070594432,0.0018438844499078057,0.0021072965141803496,0.0025463166213012555,0.002282904557028712,0.0021072965141803496,0.0,0.09860391605935552,0.0961622903310793,0.11883014227999297,0.11800369036112819,0.15597539543057998,0.15939228945288486,0.17314953024848537,0.17069526237145116,0.17230471839029962,0.2207290294246816,0.22107020472717687,0.2214310829817159,0.2204016913319239,0.2227005183167882,0.2284986383203022,0.2574318381706244,0.2632412458208693,0.26679563841013015,0.25744231107979565,0.2768595041322314,0.27627416520210896,0.287170474516696
Pan_troglodytes_chimpanzee,0.09686484587687715,0.09686484587687715,0.09668920699042768,0.09668920699042768,0.09679684071961386,0.0972868557379928,0.09658442356659935,0.0988943488943489,0.09880659880659881,0.098376480912681,0.09667942668921926,0.09793769197016235,0.09921854420932479,0.0986917200807797,0.0986917200807797,0.09825269997365879,0.09816489595223461,0.09930634823074896,0.09834050399508297,0.09807709193081043,0.09834050399508297,0.09825269997365879,0.09763807182368953,0.09798928790938626,0.09860391605935552,0.0,0.04282204282204282,0.11557700745941202,0.11518876207199298,0.16068135920625165,0.16084591084591085,0.173451482716266,0.17275601616019673,0.16856892010535557,0.21862383710724942,0.21826163301141352,0.2176548089591568,0.21811460258780038,0.22208567415730338,0.22392907303370788,0.2568565400843882,0.26204713330988394,0.26560028124450696,0.2540492957746479,0.2708260105448155,0.27410855436500964,0.2861408747584753
Pan_paniscus_bonobo,0.09486166007905138,0.09486166007905138,0.09486166007905138,0.09486166007905138,0.09452343338599263,0.09518791710572533,0.09466104671584123,0.09654203967000176,0.09645427417939266,0.0960154467263472,0.09339387464387465,0.09540108829208355,0.09589883200140512,0.09572319311495565,0.0961622903310793,0.09545973478528146,0.09554755422850619,0.09651356810397822,0.09589883200140512,0.09581101255818038,0.09607447088785458,0.0961622903310793,0.09554755422850619,0.09572319311495565,0.0961622903310793,0.04282204282204282,0.0,0.11251535896085658,0.11177451927298271,0.15911485774499473,0.15841671054941198,0.17093717093717092,0.1686429512516469,0.16533497234173325,0.21607863787958576,0.21518876207199297,0.21484409310496266,0.21672535211267605,0.2189640035118525,0.22177348551360843,0.255032967032967,0.25813544415127526,0.2656469760900141,0.2522887323943662,0.2719282826507295,0.2745080815179199,0.28443429374560786
Gorilla_gorilla,0.11795187071842614,0.11777621640611277,0.1176005620937994,0.11777621640611277,0.11768319438350154,0.11827201685837212,0.1173939766441303,0.11943835015357614,0.11952610794207986,0.1187362878455463,0.11599750734443158,0.1184730144800351,0.11795187071842614,0.1181275250307395,0.11953275952924644,0.11795187071842614,0.11874231512383629,0.11909362374846302,0.11821535218689619,0.11847883365536624,0.11883014227999297,0.11856666081152292,0.11803422553751645,0.11847883365536624,0.11883014227999297,0.11557700745941202,0.11251535896085658,0.0,0.003160667251975417,0.16101843722563652,0.16044939875362063,0.1727950855638438,0.17472575691092584,0.1706032136271841,0.21924055073226345,0.2224758560140474,0.22283658065648587,0.22374790951500748,0.22507022471910113,0.22612359550561797,0.26476793248945146,0.26874725274725275,0.2690515953238991,0.25490368546046266,0.2766986024435264,0.27734340683475356,0.28867609593253096
Gorilla_gorilla_gorilla,0.11712503294965293,0.11694930146735788,0.11677356998506283,0.11694930146735788,0.11685689201053556,0.11744553759662685,0.1165671117357695,0.11870061457418789,0.11878841088674276,0.1179982440737489,0.11524759529747061,0.11773485513608428,0.1170371672085054,0.11721289869080045,0.11861875054916088,0.1170371672085054,0.11782795887883314,0.11800369036112819,0.1173886301730955,0.11765222739653809,0.11809155610227572,0.11782795887883314,0.11747649591424304,0.11774009313768562,0.11800369036112819,0.11518876207199298,0.11177451927298271,0.003160667251975417,0.0,0.160049191848208,0.15996488147497806,0.1719929762949956,0.1742377646955452,0.16988756148981027,0.21845640530336288,0.22143170838823012,0.22170474516695957,0.2224667664407078,0.22382290934645116,0.22540407589599437,0.26360678800668247,0.26781629421080416,0.2685543440028139,0.2533685601056803,0.2755012310939149,0.2768500615222359,0.2881877307083846
Pongo_abelii_Sumatran,0.1548330404217926,0.1545694200351494,0.1545694200351494,0.1545694200351494,0.15435946966371059,0.1547922340332074,0.1545286831239568,0.15409605759943806,0.15418386162086223,0.15497409781367988,0.1522223211899884,0.1553253138993766,0.15579964850615113,0.15500878734622145,0.15500878734622145,0.1548330404217926,0.1552724077328647,0.1555360281195079,0.15536028119507908,0.1555360281195079,0.15536028119507908,0.1555360281195079,0.15525876460767946,0.1552724077328647,0.15597539543057998,0.16068135920625165,0.15911485774499473,0.16101843722563652,0.160049191848208,0.0,0.07113374901203126,0.17657388708402844,0.17695617809783085,0.17648608306260427,0.21898322943190798,0.22197821503865073,0.22158791498331284,0.2209599295464553,0.22853380158033362,0.2334503950834065,0.26142756680731366,0.26749912064720366,0.26780376296817304,0.26142064959070505,0.2787793509805646,0.27775336204623363,0.2875977850048343
Pongo_pygmaeus_Bornean,0.1595959595959596,0.1593324549846289,0.1593324549846289,0.1593324549846289,0.15904502764855613,0.15939228945288486,0.1591288311232107,0.1579778830963665,0.1580656485869756,0.15878170806635653,0.1555515982548304,0.1584306152900904,0.15895319223676121,0.1586019144638623,0.1588653727935365,0.15851409502063757,0.15868973390708702,0.15965574778255906,0.15868973390708702,0.15904101167998594,0.15868973390708702,0.15868973390708702,0.15851409502063757,0.1586019144638623,0.15939228945288486,0.16084591084591085,0.15841671054941198,0.16044939875362063,0.15996488147497806,0.07113374901203126,0.0,0.1740961740961741,0.17542164441321154,0.17667720407446436,0.2167310393258427,0.21794871794871795,0.217517350434859,0.2199630314232902,0.22554872695346795,0.23327480245829676,0.2600210970464135,0.2706244503078276,0.269690576652602,0.2603451311850678,0.278607839690631,0.27951510892480674,0.2875966268446943
Hylobates_lar_gibbon,0.17256520593659436,0.17247738649336963,0.17265302537981908,0.17265302537981908,0.1725318121983326,0.1727105101413645,0.1726227061199403,0.17137592137592136,0.17146367146367147,0.1710399297937692,0.1695005786521855,0.1727950855638438,0.17244709807709194,0.1725349020985161,0.17288611818421284,0.17244709807709194,0.1727105101413645,0.17376415839845466,0.1726227061199403,0.172973922205637,0.17288611818421284,0.17279831416278865,0.17279831416278865,0.17279831416278865,0.17314953024848537,0.173451482716266,0.17093717093717092,0.1727950855638438,0.1719929762949956,0.17657388708402844,0.1740961740961741,0.0,0.11022308097663798,0.09736611062335382,0.2168685272950676,0.21905179982440737,0.21949934123847167,0.2199630314232902,0.22313904494382023,0.2284936797752809,0.26635021097046413,0.26758705592683785,0.269555282123396,0.26161971830985914,0.28330404217926186,0.28218865273142457,0.2890391709116459
Nomascus_leucogenys_gibbon,0.17166212534059946,0.17157422870704053,0.17157422870704053,0.17104684890568692,0.17117512734937643,0.17170474516695958,0.17126537785588752,0.17064816441243633,0.170735991568593,0.17064816441243633,0.16847826086956522,0.16959423853855612,0.1697283994023029,0.17007998593653864,0.17104684890568692,0.17007998593653864,0.17016788257009757,0.17122264217280478,0.16955260613518502,0.17016788257009757,0.1702557792036565,0.1697283994023029,0.1697698928508695,0.16990419266942075,0.17069526237145116,0.17275601616019673,0.1686429512516469,0.17472575691092584,0.1742377646955452,0.17695617809783085,0.17542164441321154,0.11022308097663798,0.0,0.10372387142104339,0.21493768650166756,0.21825850101045602,0.21920814678254763,0.22214392671540562,0.22469049082447975,0.23417332513829134,0.26520745428973275,0.27015384615384613,0.27088095656761035,0.2631717829184625,0.2801724137931034,0.2792333391946545,0.2872340425531915
Symphalangus_syndactylus,0.17284710017574692,0.17293497363796134,0.17293497363796134,0.17293497363796134,0.172973922205637,0.17297724677150136,0.1728893964684178,0.172973922205637,0.1730617262270612,0.1721836860128194,0.1694130221786764,0.1716568618842743,0.17195325542570952,0.17160179246111942,0.17265618135488972,0.17133819523767682,0.17160179246111942,0.17274404709603725,0.17133819523767682,0.17160179246111942,0.17204112116685705,0.17204112116685705,0.1722168526491521,0.171865389684562,0.17230471839029962,0.16856892010535557,0.16533497234173325,0.1706032136271841,0.16988756148981027,0.17648608306260427,0.17667720407446436,0.09736611062335382,0.10372387142104339,0.0,0.21206533192834562,0.21758608573436403,0.21826965305226176,0.21893439013650373,0.2173836698858648,0.2237928007023705,0.2626582278481013,0.26435669686043445,0.2675400035167927,0.25985915492957745,0.27435807245867044,0.27298294955176655,0.2851116189136931
Macaca_mulatta_rhesus,0.21949934123847167,0.21949934123847167,0.21958717610891523,0.21941150636802811,0.21941372652273125,0.21944151738672288,0.21944151738672288,0.2209935053536949,0.221081270844304,0.2211690363349131,0.21830484330484332,0.22073020888186765,0.22037768994290732,0.22002635046113306,0.22160737812911727,0.22037768994290732,0.22011418533157665,0.22195871761089153,0.22081686429512518,0.22108036890645585,0.2209925340360123,0.2207290294246816,0.2209935053536949,0.22064119455423803,0.2207290294246816,0.21862383710724942,0.21607863787958576,0.21924055073226345,0.21845640530336288,0.21898322943190798,0.2167310393258427,0.2168685272950676,0.21493768650166756,0.21206533192834562,0.0,0.15829675153643546,0.15816684192078515,0.16223591549295774,0.20261610043016418,0.20990255464840663,0.27595604395604395,0.27861790047476703,0.2819092827004219,0.27463736263736266,0.2864803094233474,0.2902829028290283,0.2967843964153927
Papio_hamadryas_baboon,0.22133380195061944,0.221421667691767,0.22150953343291452,0.22186099639750462,0.22168568920105355,0.22127547434996486,0.22171468728039354,0.2212467076382792,0.22115891132572432,0.2212467076382792,0.21820448877805487,0.22080772607550483,0.22036727879799667,0.2211580704683244,0.22159739917406204,0.22124593620947192,0.22054301028029172,0.22203672787979967,0.22071874176258677,0.2211580704683244,0.22124593620947192,0.22107020472717687,0.22107020472717687,0.22089447324488182,0.22107020472717687,0.21826163301141352,0.21518876207199297,0.2224758560140474,0.22143170838823012,0.22197821503865073,0.21794871794871795,0.21905179982440737,0.21825850101045602,0.21758608573436403,0.15829675153643546,0.0,0.005887004656884281,0.1661676646706587,0.19931482782853127,0.21091004919184822,0.27411837129540056,0.27855006158718987,0.28116757517144364,0.2736879182810849,0.28807597608160396,0.29130052724077327,0.3018984004218668
Papio_anubis_baboon,0.22169479606188466,0.22178270042194093,0.2218706047819972,0.2220464135021097,0.2220465524813351,0.22163634765796644,0.22207575358115828,0.22143170838823012,0.22134387351778656,0.22143170838823012,0.21839080459770116,0.22116820377689944,0.22072784810126583,0.22151898734177214,0.2218706047819972,0.2216068917018284,0.22090365682137833,0.22231012658227847,0.22107946554149085,0.22151898734177214,0.2216068917018284,0.2214310829817159,0.2215195432586737,0.22125527426160338,0.2214310829817159,0.2176548089591568,0.21484409310496266,0.22283658065648587,0.22170474516695957,0.22158791498331284,0.217517350434859,0.21949934123847167,0.21920814678254763,0.21826965305226176,0.15816684192078515,0.005887004656884281,0.0,0.16606466390626376,0.1987179487179487,0.21048472075869337,0.2740942666197678,0.2775481487995779,0.2810905892700088,0.2728631727048892,0.28758687428521157,0.2908643277938978,0.30211905389958676
Chlorocebus_sabaeus,0.21934460887949261,0.21943269908386187,0.21943269908386187,0.21987315010570824,0.22013907226476542,0.21937472479084105,0.21972699251431088,0.22049115394771587,0.22057917436845348,0.22101927647214153,0.21707295294222698,0.22022709268550303,0.21987315010570824,0.22013742071881606,0.22110641296687808,0.22048978153629317,0.2196969696969697,0.2213706835799859,0.21978505990133898,0.2203136011275546,0.22048978153629317,0.2203136011275546,0.22022551092318535,0.22022551092318535,0.2204016913319239,0.21811460258780038,0.21672535211267605,0.22374790951500748,0.2224667664407078,0.2209599295464553,0.2199630314232902,0.2199630314232902,0.22214392671540562,0.21893439013650373,0.16223591549295774,0.1661676646706587,0.16606466390626376,0.0,0.20264200792602377,0.20378687802730075,0.27404142794182457,0.27477080394922426,0.2779735682819383,0.2756551663284214,0.2869856375011014,0.2893647017358358,0.2999471458773784
Colobus_guereza,0.22186099639750462,0.22194886213865214,0.22203672787979967,0.22194886213865214,0.2217929581174818,0.22190986558903628,0.22182201528595274,0.2235294117647059,0.22344161545215102,0.22240758626745105,0.22000534425937474,0.22231978224602686,0.22243696740753754,0.22190986558903628,0.22287621892295528,0.2227005183167882,0.222349117104454,0.22322762013528946,0.222349117104454,0.2227005183167882,0.22261266801370463,0.222349117104454,0.22220270507640963,0.2225248177106211,0.2227005183167882,0.22208567415730338,0.2189640035118525,0.22507022471910113,0.22382290934645116,0.22853380158033362,0.22554872695346795,0.22313904494382023,0.22469049082447975,0.2173836698858648,0.20261610043016418,0.19931482782853127,0.1987179487179487,0.20264200792602377,0.0,0.16726634488810882,0.27285513361462727,0.2735824175824176,0.2784175824175824,0.26841503124174954,0.2796729382802884,0.27627416520210896,0.2953427065026362
Trachypithecus_obscurus,0.2273965380897988,0.22730867234865126,0.22730867234865126,0.22730867234865126,0.227236807445781,0.22700518316788193,0.22700518316788193,0.22783143107989465,0.22791922739244952,0.22846606374571957,0.22561681660283245,0.22811484766002282,0.2277079855925503,0.2273565843802161,0.22832293771413512,0.22805938680488447,0.22762013528946676,0.22893788983571994,0.22788368619871738,0.22814723710796803,0.22841078801721865,0.2284986383203022,0.22782364307043737,0.22805938680488447,0.2284986383203022,0.22392907303370788,0.22177348551360843,0.22612359550561797,0.22540407589599437,0.2334503950834065,0.23327480245829676,0.2284936797752809,0.23417332513829134,0.2237928007023705,0.20990255464840663,0.21091004919184822,0.21048472075869337,0.20378687802730075,0.16726634488810882,0.0,0.27056962025316456,0.27367032967032967,0.2773626373626374,0.2670069523893338,0.27852998065764023,0.2743409490333919,0.29481546572934975
Callithrix_jacchus_marmoset,0.256816182937555,0.256816182937555,0.2569041336851363,0.25708003518029904,0.2570323488045007,0.25646437994722954,0.25664028144239226,0.25799929676511957,0.25799929676511957,0.25755977496483823,0.2547918338236605,0.25676863572433195,0.25628847845206687,0.25664028144239226,0.2573438874230431,0.2567282321899736,0.25664028144239226,0.25760773966578715,0.25664028144239226,0.256816182937555,0.25708003518029904,0.256816182937555,0.25716798592788037,0.25708003518029904,0.2574318381706244,0.2568565400843882,0.255032967032967,0.26476793248945146,0.26360678800668247,0.26142756680731366,0.2600210970464135,0.26635021097046413,0.26520745428973275,0.2626582278481013,0.27595604395604395,0.27411837129540056,0.2740942666197678,0.27404142794182457,0.27285513361462727,0.27056962025316456,0.0,0.18350316233309907,0.19355405286730482,0.17679655202744304,0.28258382469418286,0.27627759697422816,0.29202216553786614
Cebus_albifrons_capuchin,0.2631532641210628,0.2629773007214499,0.2629773007214499,0.2628013373218371,0.2628616656406649,0.2630884293884734,0.2628244610646722,0.26187126275061556,0.26195919803024975,0.2618063494855334,0.2593220338983051,0.26277372262773724,0.26253739222241773,0.2626253739222242,0.2634172092204821,0.2624494105226113,0.2624494105226113,0.2629773007214499,0.26253739222241773,0.2628893190216435,0.2631532641210628,0.2628893190216435,0.26306068601583116,0.26271335562203063,0.2632412458208693,0.26204713330988394,0.25813544415127526,0.26874725274725275,0.26781629421080416,0.26749912064720366,0.2706244503078276,0.26758705592683785,0.27015384615384613,0.26435669686043445,0.27861790047476703,0.27855006158718987,0.2775481487995779,0.27477080394922426,0.2735824175824176,0.27367032967032967,0.18350316233309907,0.0,0.19071033453332162,0.17710165318325713,0.28780144340785074,0.2785745710514738,0.2998768472906404
Saimiri_sciureus_squirrel,0.2659162856137883,0.26600422089342246,0.26600422089342246,0.2656524797748857,0.26632679968357215,0.2656758420543488,0.2656758420543488,0.2673580594129021,0.26744594832132185,0.26790893908763297,0.2631062767475036,0.2657994198822185,0.26697150896939853,0.26688357368976434,0.2670594442490327,0.2655645444952515,0.26618009145269084,0.26767499120647203,0.2659162856137883,0.26609215617305665,0.26600422089342246,0.26618009145269084,0.2657404150545199,0.26609215617305665,0.26679563841013015,0.26560028124450696,0.2656469760900141,0.2690515953238991,0.2685543440028139,0.26780376296817304,0.269690576652602,0.269555282123396,0.27088095656761035,0.2675400035167927,0.2819092827004219,0.28116757517144364,0.2810905892700088,0.2779735682819383,0.2784175824175824,0.2773626373626374,0.19355405286730482,0.19071033453332162,0.0,0.1909242810658693,0.28641801548205487,0.2847973270025499,0.30024617548795496
Ateles_belzebuth_spider,0.25664963889378195,0.2567377135811168,0.2569138629557865,0.2569138629557865,0.2564260563380282,0.25620926545710765,0.25656156420644705,0.2579225352112676,0.25801056338028167,0.2577464788732394,0.255512900633872,0.2564260563380282,0.2569138629557865,0.25744231107979565,0.25726616170512595,0.2571780870177911,0.25656156420644705,0.25814690857847455,0.2567377135811168,0.2567377135811168,0.25709001233045625,0.25656156420644705,0.25715040042242365,0.25682578826845165,0.25744231107979565,0.2540492957746479,0.2522887323943662,0.25490368546046266,0.2533685601056803,0.26142064959070505,0.2603451311850678,0.26161971830985914,0.2631717829184625,0.25985915492957745,0.27463736263736266,0.2736879182810849,0.2728631727048892,0.2756551663284214,0.26841503124174954,0.2670069523893338,0.17679655202744304,0.17710165318325713,0.1909242810658693,0.0,0.27964757709251103,0.2756099709327931,0.29658330398027477
Tarsius_bancanus_tarsier,0.27602884277172,0.27576503693281745,0.27585297221245164,0.27602884277172,0.2762591192757317,0.27552545950224255,0.2756134025151702,0.27614695025487784,0.27614695025487784,0.2769622923442032,0.2729380294248774,0.27608332600861385,0.27527694742394937,0.27571654650958327,0.2761561455952172,0.27580446632671,0.27571654650958327,0.2762440654123439,0.27580446632671,0.2761561455952172,0.27606822577809037,0.2763319852294707,0.27562862669245647,0.27606822577809037,0.2768595041322314,0.2708260105448155,0.2719282826507295,0.2766986024435264,0.2755012310939149,0.2787793509805646,0.278607839690631,0.28330404217926186,0.2801724137931034,0.27435807245867044,0.2864803094233474,0.28807597608160396,0.28758687428521157,0.2869856375011014,0.2796729382802884,0.27852998065764023,0.28258382469418286,0.28780144340785074,0.28641801548205487,0.27964757709251103,0.0,0.24479029279873385,0.2655590717299578
Lemur_catta_ringtail,0.2764106169801371,0.2759711724380383,0.27614695025487784,0.2753559500791,0.2758499516823333,0.27608332600861385,0.2756438428408192,0.2778460997891778,0.2778460997891778,0.2769041553193359,0.2747526958381606,0.276289203197751,0.2764499121265378,0.2764499121265378,0.2774165202108963,0.2764499121265378,0.2760984182776801,0.2769771528998243,0.2760984182776801,0.27618629173989456,0.2766256590509666,0.27671353251318104,0.2766256590509666,0.27636203866432335,0.27627416520210896,0.27410855436500964,0.2745080815179199,0.27734340683475356,0.2768500615222359,0.27775336204623363,0.27951510892480674,0.28218865273142457,0.2792333391946545,0.27298294955176655,0.2902829028290283,0.29130052724077327,0.2908643277938978,0.2893647017358358,0.27627416520210896,0.2743409490333919,0.27627759697422816,0.2785745710514738,0.2847973270025499,0.2756099709327931,0.24479029279873385,0.0,0.2550311978205466
Nycticebus_coucang_loris,0.28660573035682896,0.2865178414484092,0.2867815081736685,0.28686939708208825,0.2870069401739436,0.2862793355014503,0.286630922035686,0.2878601546029515,0.28794799718903724,0.2879732935078626,0.2855360484805276,0.28709479047702713,0.28699472759226713,0.287170474516696,0.28778558875219684,0.2865553602811951,0.28725834797891037,0.2874340949033392,0.2867311072056239,0.2868189806678383,0.2868189806678383,0.2870826010544815,0.2868189806678383,0.28690685413005274,0.287170474516696,0.2861408747584753,0.28443429374560786,0.28867609593253096,0.2881877307083846,0.2875977850048343,0.2875966268446943,0.2890391709116459,0.2872340425531915,0.2851116189136931,0.2967843964153927,0.3018984004218668,0.30211905389958676,0.2999471458773784,0.2953427065026362,0.29481546572934975,0.29202216553786614,0.2998768472906404,0.30024617548795496,0.29658330398027477,0.2655590717299578,0.2550311978205466,0.0
